{
  "train_time": [
    27.16028094291687,
    53.770485401153564,
    80.02295684814453,
    106.35239744186401,
    132.7915551662445,
    159.0737054347992,
    185.5585343837738,
    211.89732551574707,
    238.2045774459839,
    264.7399640083313,
    291.17180037498474,
    317.827020406723,
    344.1013705730438,
    370.6036491394043,
    396.76942467689514,
    422.9821102619171,
    449.48669242858887,
    475.67071652412415,
    501.85081362724304,
    528.2401330471039,
    554.4899907112122,
    580.93372797966,
    607.0153377056122,
    633.3884525299072,
    659.6867792606354,
    685.8553619384766,
    712.3472518920898,
    738.4223077297211,
    764.6417269706726,
    791.1051156520844
  ],
  "eval_time": [
    0.31050586700439453,
    0.6221175193786621,
    0.9547774791717529,
    1.2629656791687012,
    1.5853338241577148,
    1.8926517963409424,
    2.206630229949951,
    2.5415127277374268,
    2.8535120487213135,
    3.1647088527679443,
    3.4788973331451416,
    3.788578748703003,
    4.108221769332886,
    4.42279052734375,
    4.746839761734009,
    5.0662925243377686,
    5.377531051635742,
    5.692554473876953,
    6.007195472717285,
    6.315157651901245,
    6.621075391769409,
    6.941143035888672,
    7.247069597244263,
    7.55868935585022,
    7.869394063949585,
    8.176870584487915,
    8.482696294784546,
    8.788825273513794,
    9.118181228637695,
    9.429680824279785
  ],
  "train_losses": [
    0.7126884871721267,
    0.7064782571792603,
    0.7168145984411239,
    0.7075586646795273,
    0.6885359072685242,
    0.6803773242235184,
    0.6356924891471862,
    0.6710303729772568,
    0.6224864566326141,
    0.5812539145350456,
    0.5207829776406289,
    0.5141761529445649,
    0.4951053833961487,
    0.486050586104393,
    0.4806139934062958,
    0.4836458930373192,
    0.49488653779029845,
    0.49772494167089465,
    0.4878771042823791,
    0.5714651721715928,
    0.5213362774252892,
    0.529898592531681,
    0.5481108531355858,
    0.4965039229393005,
    0.6097058117389679,
    0.445931194126606,
    0.6081284281611442,
    0.49349424719810486,
    0.47565735191106795,
    0.5365937811136245
  ],
  "eval_accs": [
    48.2,
    48.2,
    63.3,
    68.9,
    66.2,
    60.4,
    63.7,
    71.2,
    65.5,
    68.4,
    73.5,
    75.1,
    75.9,
    75.1,
    77.0,
    77.4,
    76.1,
    69.6,
    75.1,
    78.3,
    80.2,
    70.5,
    79.9,
    67.8,
    77.3,
    75.0,
    73.1,
    79.5,
    74.2,
    78.1
  ],
  "eval_f1s": [
    0.6505,
    0.6505,
    0.5313,
    0.6777,
    0.561,
    0.6977,
    0.4389,
    0.6596,
    0.7202,
    0.5928,
    0.7231,
    0.7409,
    0.736,
    0.7613,
    0.7326,
    0.786,
    0.7046,
    0.756,
    0.6745,
    0.7389,
    0.7894,
    0.5755,
    0.7798,
    0.7473,
    0.7957,
    0.6728,
    0.632,
    0.7831,
    0.7729,
    0.7944
  ],
  "eval_losses": [
    0.7023699283599854,
    0.7989610433578491,
    0.6212839782238007,
    0.5822158753871918,
    0.6725818812847137,
    0.7828947305679321,
    0.6713674962520599,
    0.5628266036510468,
    0.717557281255722,
    0.7729044258594513,
    0.5286069214344025,
    0.5131324380636215,
    0.5335183143615723,
    0.5926003754138947,
    0.5780698359012604,
    0.5409892499446869,
    0.5531564056873322,
    0.6648345291614532,
    0.529850035905838,
    0.46430356800556183,
    0.4284382611513138,
    0.688549816608429,
    0.42352961003780365,
    0.7428542375564575,
    0.5131031572818756,
    0.5428199470043182,
    0.6308483183383942,
    0.4464830458164215,
    0.5925368666648865,
    0.4893985986709595
  ],
  "epoch_train_loss": [
    0.6673293271437424,
    0.5010715770710539,
    0.5174105623958316
  ],
  "epoch_train_time": [
    292.6387655735016,
    291.32718873023987,
    290.60418915748596
  ],
  "epoch_eval_loss": [
    0.5631143748760223,
    0.6488294899463654,
    0.4753050357103348
  ],
  "epoch_eval_time": [
    0.3091850280761719,
    0.32430219650268555,
    0.31321048736572266
  ],
  "epoch_eval_acc": [
    72.6,
    72.3,
    78.3
  ],
  "epoch_eval_f1": [
    0.6886,
    0.7694,
    0.7438
  ],
  "parameters": 8671744
}