{
  "train_time": [
    28.376025199890137,
    57.12266516685486,
    85.38969349861145,
    114.09924006462097,
    142.58032083511353,
    171.17276120185852,
    200.05775475502014,
    228.60197758674622,
    257.49855756759644,
    286.2383723258972,
    315.144650220871,
    343.67846417427063,
    372.5374667644501,
    401.10530734062195,
    429.5464918613434,
    458.0913791656494,
    486.473938703537,
    515.0795331001282,
    543.3297197818756,
    571.7049162387848,
    600.293646812439,
    628.6411981582642,
    657.2290971279144,
    685.6365077495575,
    714.3700525760651,
    742.7619178295135,
    771.1084365844727,
    799.7648034095764,
    828.4155521392822,
    856.8986756801605
  ],
  "eval_time": [
    0.3346433639526367,
    0.6688210964202881,
    1.0093705654144287,
    1.3710315227508545,
    1.7136855125427246,
    2.056091785430908,
    2.3993635177612305,
    2.7380788326263428,
    3.086430072784424,
    3.4142251014709473,
    3.78025221824646,
    4.108803987503052,
    4.449599027633667,
    4.796131610870361,
    5.135151147842407,
    5.485074520111084,
    5.815258026123047,
    6.154621601104736,
    6.5043792724609375,
    6.842212677001953,
    7.200973987579346,
    7.53816294670105,
    7.863317012786865,
    8.191144943237305,
    8.53706669807434,
    8.894845485687256,
    9.228264093399048,
    9.573049306869507,
    9.907980680465698,
    10.251557111740112
  ],
  "train_losses": [
    0.6886108070611954,
    0.683252437710762,
    0.6708854883909225,
    0.6484746313095093,
    0.6294883012771606,
    0.6071891301870346,
    0.5958216840028763,
    0.5833806318044662,
    0.5874842357635498,
    0.578245439529419,
    0.5984962421655655,
    0.585482833981514,
    0.5769749444723129,
    0.548617791235447,
    0.5758028200268746,
    0.5639132797718048,
    0.5661666744947433,
    0.5743371021747589,
    0.5492057925462723,
    0.5345935574173928,
    0.5705724096298218,
    0.5566789162158966,
    0.5298050293326377,
    0.5277256232500076,
    0.5038624054193497,
    0.5397619554400443,
    0.5157047784328461,
    0.5081121671199799,
    0.5281252324581146,
    0.5524846285581588
  ],
  "eval_accs": [
    53.3,
    53.3,
    62.0,
    63.4,
    65.7,
    63.4,
    65.9,
    65.8,
    63.6,
    69.0,
    68.6,
    66.6,
    72.6,
    75.8,
    67.3,
    68.7,
    65.7,
    72.9,
    71.0,
    70.3,
    69.1,
    71.1,
    72.1,
    71.5,
    76.6,
    76.9,
    70.4,
    78.6,
    67.5,
    72.1
  ],
  "eval_f1s": [
    0.6255,
    0.6255,
    0.5444,
    0.5425,
    0.6071,
    0.6935,
    0.5007,
    0.7224,
    0.4417,
    0.7252,
    0.6969,
    0.5229,
    0.6784,
    0.7526,
    0.5452,
    0.6861,
    0.7163,
    0.7387,
    0.6133,
    0.7195,
    0.7009,
    0.6993,
    0.6643,
    0.6294,
    0.7728,
    0.7785,
    0.6032,
    0.789,
    0.7414,
    0.7593
  ],
  "eval_losses": [
    0.68601855635643,
    0.6847440302371979,
    0.6602551341056824,
    0.6422083675861359,
    0.6398532092571259,
    0.6889493465423584,
    0.6256447732448578,
    0.6513140797615051,
    0.7284055948257446,
    0.6018865406513214,
    0.594054788351059,
    0.6064878404140472,
    0.5474463105201721,
    0.547449380159378,
    0.6232473254203796,
    0.5694003999233246,
    0.6162571310997009,
    0.5284345149993896,
    0.6470105350017548,
    0.5716801881790161,
    0.5802819430828094,
    0.5539852678775787,
    0.5400338470935822,
    0.5893107652664185,
    0.5280070304870605,
    0.5741129815578461,
    0.6166349053382874,
    0.4892238825559616,
    0.6132530868053436,
    0.5615171790122986
  ],
  "epoch_train_loss": [
    0.6240695593997809,
    0.5675833718595819,
    0.5335262230370991
  ],
  "epoch_train_time": [
    316.48723459243774,
    315.869117975235,
    315.538596868515
  ],
  "epoch_eval_loss": [
    0.6499368846416473,
    0.5888571441173553,
    0.5412314534187317
  ],
  "epoch_eval_time": [
    0.3346424102783203,
    0.3364691734313965,
    0.32990241050720215
  ],
  "epoch_eval_acc": [
    63.0,
    67.5,
    76.4
  ],
  "epoch_eval_f1": [
    0.6967,
    0.6914,
    0.7505
  ],
  "parameters": 9654784
}