{
  "train_time": [
    21.537538766860962,
    43.31883788108826,
    64.91923666000366,
    86.83492612838745,
    108.43110656738281,
    130.0629105567932,
    151.9304120540619,
    173.58313155174255,
    195.25622963905334,
    217.1832399368286,
    238.7479329109192,
    260.60617423057556,
    282.21873807907104,
    304.0964615345001,
    325.66304326057434,
    347.38341307640076,
    369.3838515281677,
    391.0264558792114,
    412.68593311309814,
    434.53279972076416,
    456.0913038253784,
    478.0199544429779,
    499.64457607269287,
    521.1521165370941,
    543.0594820976257,
    564.6891181468964,
    586.6116070747375,
    608.2642970085144,
    629.7897312641144,
    651.7028350830078
  ],
  "eval_time": [
    0.31261563301086426,
    0.6045210361480713,
    0.8992769718170166,
    1.1927449703216553,
    1.480928897857666,
    1.787844181060791,
    2.076051712036133,
    2.3676939010620117,
    2.6653175354003906,
    2.9526004791259766,
    3.245940923690796,
    3.536886692047119,
    3.825984239578247,
    4.112814426422119,
    4.4289000034332275,
    4.722148895263672,
    5.016347408294678,
    5.3127827644348145,
    5.599843978881836,
    5.904672384262085,
    6.201833963394165,
    6.49996542930603,
    6.796369314193726,
    7.086732625961304,
    7.377631664276123,
    7.67357063293457,
    7.961809873580933,
    8.251656532287598,
    8.548996686935425,
    8.848353862762451
  ],
  "train_losses": [
    0.6915171951055527,
    0.682993329167366,
    0.6759563475847244,
    0.6634420478343963,
    0.6464993160963058,
    0.6315767234563827,
    0.6249192398786545,
    0.6038973045349121,
    0.6206882381439209,
    0.5966721504926682,
    0.5819056195020675,
    0.5691258889436722,
    0.578684047460556,
    0.5876983147859574,
    0.5748673105239868,
    0.5694397020339966,
    0.5496299049258232,
    0.5477409997582435,
    0.5596001636981964,
    0.592965452671051,
    0.520923706293106,
    0.4964252734184265,
    0.477042475938797,
    0.5270113661885262,
    1.0311315166950226,
    0.7494869184494019,
    0.6168786764144898,
    0.7036875396966934,
    0.686566351056099,
    0.6393609255552292
  ],
  "eval_accs": [
    53.7,
    54.9,
    54.8,
    59.9,
    59.9,
    62.9,
    62.1,
    63.6,
    63.0,
    64.5,
    70.7,
    69.5,
    65.2,
    68.7,
    67.4,
    69.0,
    70.6,
    65.9,
    70.3,
    68.9,
    73.3,
    77.2,
    73.5,
    66.7,
    50.7,
    60.6,
    57.5,
    56.0,
    58.1,
    62.9
  ],
  "eval_f1s": [
    0.4534,
    0.2807,
    0.6622,
    0.4059,
    0.6504,
    0.46,
    0.6886,
    0.4815,
    0.4591,
    0.6577,
    0.6734,
    0.6688,
    0.7031,
    0.6958,
    0.61,
    0.7442,
    0.6466,
    0.7265,
    0.6621,
    0.5734,
    0.7455,
    0.7769,
    0.7644,
    0.7259,
    0.6602,
    0.6667,
    0.223,
    0.1635,
    0.245,
    0.4301
  ],
  "eval_losses": [
    0.6871486306190491,
    0.6780459582805634,
    0.6800961494445801,
    0.6552105247974396,
    0.6482514441013336,
    0.6836957335472107,
    0.6858769357204437,
    0.6347129046916962,
    0.6325924694538116,
    0.6034412682056427,
    0.56193608045578,
    0.5618705451488495,
    0.6213768124580383,
    0.5918207764625549,
    0.5801377892494202,
    0.9232567548751831,
    0.5673974752426147,
    0.7117828130722046,
    0.5613423585891724,
    0.6013644635677338,
    0.5325861573219299,
    0.5101603269577026,
    0.6158975064754486,
    0.7947685718536377,
    1.0801256895065308,
    0.6306847035884857,
    0.6607288718223572,
    0.693384438753128,
    0.6469523310661316,
    0.6132008731365204
  ],
  "epoch_train_loss": [
    0.6401022293994806,
    0.5699894867660359,
    0.6417943055875994
  ],
  "epoch_train_time": [
    240.44849634170532,
    240.7064564228058,
    240.49436354637146
  ],
  "epoch_eval_loss": [
    0.6056571900844574,
    0.5454273819923401,
    0.6016231179237366
  ],
  "epoch_eval_time": [
    0.32280755043029785,
    0.2856884002685547,
    0.2969174385070801
  ],
  "epoch_eval_acc": [
    65.3,
    71.9,
    66.4
  ],
  "epoch_eval_f1": [
    0.6969,
    0.7336,
    0.6283
  ],
  "parameters": 8866304
}