{
  "train_time": [
    219.95710253715515,
    438.93475317955017,
    657.9304206371307,
    877.2814562320709,
    1096.276999950409,
    1315.2272953987122,
    1534.4849905967712,
    1753.4380691051483,
    1972.79603099823,
    2191.6492960453033,
    2410.954115152359,
    2629.97315120697,
    2848.9670383930206,
    3068.206250190735,
    3287.266177892685,
    3506.5247135162354,
    3725.652854204178,
    3944.65873003006,
    4163.737188577652,
    4382.790868282318
  ],
  "eval_time": [
    4.420513391494751,
    8.559436321258545,
    12.706835985183716,
    16.8483726978302,
    21.0195050239563,
    25.161914110183716,
    29.282865524291992,
    33.41709804534912,
    37.54876971244812,
    41.69299817085266,
    45.832488775253296,
    49.97252297401428,
    54.10238575935364,
    58.255595684051514,
    62.39943718910217,
    66.5397720336914,
    70.67134094238281,
    75.09676456451416,
    79.22885251045227,
    83.37255549430847
  ],
  "train_losses": [
    0.6776745492219924,
    0.6507126325368882,
    0.6244153851270675,
    0.5993730860948563,
    0.5781654357910156,
    0.5575404912233353,
    0.5393428665399551,
    0.5229648518562316,
    0.5083328682184219,
    0.4932301560044289,
    0.4753147196769714,
    0.47311838299036024,
    0.4722229787707329,
    0.46859342634677886,
    0.4651975125074387,
    0.46011482656002045,
    0.45563917338848114,
    0.4473986428976059,
    0.440805906355381,
    0.4349196714162826
  ],
  "eval_accs": [
    62.7,
    70.0,
    74.6,
    76.7,
    79.2,
    80.6,
    81.3,
    81.7,
    82.5,
    82.5,
    83.1,
    83.2,
    83.3,
    83.9,
    84.4,
    84.6,
    84.7,
    84.8,
    85.2,
    85.6
  ],
  "eval_f1s": [
    0.5544,
    0.6767,
    0.7215,
    0.7373,
    0.7783,
    0.7958,
    0.8017,
    0.8051,
    0.8156,
    0.8164,
    0.8238,
    0.8246,
    0.8233,
    0.83,
    0.8365,
    0.8386,
    0.8371,
    0.8383,
    0.8455,
    0.8506
  ],
  "eval_losses": [
    0.6674363315105438,
    0.6407430469989777,
    0.6154031157493591,
    0.5923289358615875,
    0.5714163184165955,
    0.5523910820484161,
    0.5347895622253418,
    0.5187697410583496,
    0.5041210651397705,
    0.49063627421855927,
    0.4773760139942169,
    0.4756769835948944,
    0.4726552814245224,
    0.4685036391019821,
    0.4633686691522598,
    0.4570784866809845,
    0.4499225616455078,
    0.44226551055908203,
    0.43431347608566284,
    0.42635197937488556
  ],
  "epoch_train_loss": [
    0.5672605303839748,
    0.4565733521359494
  ],
  "epoch_train_time": [
    2438.7389883995056,
    2438.519538640976
  ],
  "epoch_eval_loss": [
    0.4789010137319565,
    0.41820819675922394
  ],
  "epoch_eval_time": [
    4.133524417877197,
    4.155736446380615
  ],
  "epoch_eval_acc": [
    82.9,
    86.4
  ],
  "epoch_eval_f1": [
    0.8213,
    0.8577
  ],
  "parameters": 0
}