{
  "train_time": [
    38.29051232337952,
    75.96328949928284,
    113.61774325370789,
    151.1736717224121,
    189.08238673210144,
    226.73551082611084,
    264.3127353191376,
    302.31152844429016,
    340.0100417137146,
    378.2873013019562,
    416.0825164318085,
    454.0101273059845,
    491.5745675563812,
    529.4537522792816,
    567.7564766407013,
    605.3456566333771,
    643.2218370437622,
    680.8698737621307,
    718.7625629901886,
    756.4693694114685,
    794.4010372161865,
    832.21466588974,
    870.0962655544281,
    907.7247743606567,
    945.371423959732,
    983.2933049201965,
    1020.893239736557,
    1058.835265159607,
    1096.4785103797913,
    1134.0895659923553
  ],
  "eval_time": [
    0.40928101539611816,
    0.8162412643432617,
    1.2112269401550293,
    1.6139252185821533,
    2.026904344558716,
    2.434516429901123,
    2.8359363079071045,
    3.2428572177886963,
    3.6866958141326904,
    4.099599123001099,
    4.53538179397583,
    4.939266681671143,
    5.339745998382568,
    5.771312236785889,
    6.1744139194488525,
    6.580178260803223,
    6.9954633712768555,
    7.416635036468506,
    7.8270933628082275,
    8.242377996444702,
    8.65928316116333,
    9.062175035476685,
    9.468241453170776,
    9.894816875457764,
    10.298043727874756,
    10.707964658737183,
    11.11305570602417,
    11.516613006591797,
    11.925832986831665,
    12.328761339187622
  ],
  "train_losses": [
    0.6893180781602859,
    0.6698271143436432,
    0.5942066836357117,
    0.5328159919381141,
    0.6218516278266907,
    0.5984878450632095,
    0.6426883637905121,
    0.6295818412303924,
    0.6160486483573914,
    0.5520212614536285,
    0.5092997953295708,
    0.4881409740447998,
    0.4877457591891289,
    0.4993672463297844,
    0.46520839869976044,
    0.4828366926312447,
    0.5602711641788483,
    0.43298438042402265,
    0.5745302766561509,
    0.4833828043937683,
    0.4886772903800011,
    0.4224664106965065,
    0.4232041722536087,
    0.4396569314599037,
    0.4008193877339363,
    0.46019852042198184,
    0.4180353760719299,
    0.46926392287015917,
    0.3632464548945427,
    0.4748945999145508
  ],
  "eval_accs": [
    53.4,
    59.8,
    73.6,
    78.4,
    61.6,
    57.8,
    51.7,
    73.8,
    79.8,
    75.7,
    73.2,
    74.0,
    80.8,
    72.7,
    76.4,
    77.0,
    73.2,
    76.0,
    72.3,
    83.6,
    78.2,
    83.2,
    78.7,
    83.4,
    78.8,
    85.2,
    78.5,
    83.6,
    81.6,
    70.0
  ],
  "eval_f1s": [
    0.626,
    0.6516,
    0.7086,
    0.7818,
    0.3579,
    0.6929,
    0.6644,
    0.7749,
    0.7984,
    0.7874,
    0.7733,
    0.6606,
    0.8129,
    0.7738,
    0.7005,
    0.7993,
    0.7774,
    0.6867,
    0.6126,
    0.832,
    0.8094,
    0.819,
    0.7307,
    0.8188,
    0.8144,
    0.8532,
    0.7268,
    0.8097,
    0.8348,
    0.76
  ],
  "eval_losses": [
    0.6831651031970978,
    0.6488952338695526,
    0.5477812886238098,
    0.5026555806398392,
    0.8129719495773315,
    0.6356884837150574,
    0.6521588563919067,
    0.630394458770752,
    0.5867491066455841,
    0.5728015005588531,
    0.5890425145626068,
    0.5090232789516449,
    0.4519115686416626,
    0.5339014530181885,
    0.5503200888633728,
    0.4796359986066818,
    0.5492489039897919,
    0.5004145503044128,
    0.5126623213291168,
    0.46783506870269775,
    0.4709751605987549,
    0.40058672428131104,
    0.4470710903406143,
    0.3728359341621399,
    0.6293887197971344,
    0.37282074987888336,
    0.48710915446281433,
    0.3735017776489258,
    0.42530182003974915,
    0.5474495589733124
  ],
  "epoch_train_loss": [
    0.6072051688565633,
    0.4963600727060377,
    0.4411460229040718
  ],
  "epoch_train_time": [
    418.115918636322,
    417.73153495788574,
    417.3089725971222
  ],
  "epoch_eval_loss": [
    0.5627595782279968,
    0.5206753611564636,
    0.48332831263542175
  ],
  "epoch_eval_time": [
    0.39410853385925293,
    0.3962883949279785,
    0.4051671028137207
  ],
  "epoch_eval_acc": [
    72.1,
    72.9,
    77.7
  ],
  "epoch_eval_f1": [
    0.6381,
    0.7773,
    0.8083
  ],
  "parameters": 10705408
}