{
  "train_time": [
    23.15292763710022,
    44.781506299972534,
    66.22361946105957,
    87.6506941318512,
    109.380380153656,
    130.8210735321045,
    152.36215138435364,
    173.8742175102234,
    195.41958355903625,
    217.14176654815674,
    238.67767572402954,
    260.52411007881165,
    282.0813293457031,
    303.58448672294617,
    325.392365694046,
    347.13683795928955,
    369.9803273677826,
    391.5452539920807,
    413.0203604698181,
    434.8374571800232,
    456.3760449886322,
    478.0533890724182,
    499.57170939445496,
    521.1943552494049,
    542.9750151634216,
    564.4925470352173,
    586.2068545818329,
    607.8398785591125,
    629.4169957637787,
    651.2204358577728
  ],
  "eval_time": [
    0.2919890880584717,
    0.5777885913848877,
    0.8705148696899414,
    1.1636905670166016,
    1.4941813945770264,
    1.7894032001495361,
    2.3561439514160156,
    2.6468911170959473,
    2.9430341720581055,
    3.2443978786468506,
    3.537348508834839,
    3.8301780223846436,
    4.130152702331543,
    4.429519176483154,
    4.720827102661133,
    5.046453237533569,
    5.337947368621826,
    5.6503612995147705,
    5.943122625350952,
    6.234315395355225,
    6.526833534240723,
    6.823770999908447,
    7.120161533355713,
    7.407774448394775,
    7.695175886154175,
    8.009335041046143,
    8.310799360275269,
    8.603548765182495,
    8.898923397064209,
    9.197797775268555
  ],
  "train_losses": [
    0.6899231880903244,
    0.683981100320816,
    0.6725757056474686,
    0.6573752504587174,
    0.633895861506462,
    0.6112053453922272,
    0.6048526930809021,
    0.6033062189817429,
    0.6196180880069733,
    0.6021107125282288,
    0.5836924940347672,
    0.5686942172050476,
    0.5640688461065292,
    0.544721320271492,
    0.5486235558986664,
    0.5619177699089051,
    0.5530282515287399,
    0.5833361208438873,
    0.6067054253816605,
    0.6006299591064453,
    0.5464669013023377,
    0.5319500601291657,
    0.5133883789181709,
    0.5283841940760613,
    0.5198275798559189,
    0.5293124142289162,
    0.5338077536225319,
    0.523574800491333,
    0.5081622293591499,
    0.5190928614139557
  ],
  "eval_accs": [
    48.2,
    59.6,
    59.7,
    62.6,
    62.2,
    66.2,
    63.7,
    62.5,
    63.9,
    64.8,
    65.8,
    66.9,
    68.5,
    66.5,
    72.7,
    65.3,
    68.3,
    65.0,
    64.4,
    66.5,
    70.3,
    76.5,
    70.0,
    70.3,
    71.6,
    70.0,
    69.1,
    71.4,
    70.0,
    72.3
  ],
  "eval_f1s": [
    0.6505,
    0.4404,
    0.5717,
    0.5661,
    0.6582,
    0.6159,
    0.6417,
    0.4327,
    0.5128,
    0.6641,
    0.6614,
    0.5919,
    0.6416,
    0.6979,
    0.6957,
    0.7111,
    0.6266,
    0.4713,
    0.4455,
    0.5152,
    0.6409,
    0.7595,
    0.6084,
    0.6283,
    0.7042,
    0.6429,
    0.583,
    0.675,
    0.7164,
    0.7233
  ],
  "eval_losses": [
    0.6978691816329956,
    0.6718088090419769,
    0.656846672296524,
    0.6396754086017609,
    0.6379888355731964,
    0.6024021804332733,
    0.6106438040733337,
    0.6319353580474854,
    0.6220260262489319,
    0.6171996891498566,
    0.6024084389209747,
    0.6032001674175262,
    0.591439425945282,
    0.6166029274463654,
    0.5763698816299438,
    0.6232179999351501,
    0.5830860435962677,
    0.6165715456008911,
    0.623317539691925,
    0.6062003374099731,
    0.5663725137710571,
    0.6071863174438477,
    0.5512469410896301,
    0.5528220236301422,
    0.5948005318641663,
    0.5603565871715546,
    0.5860216617584229,
    0.5517170429229736,
    0.5740281641483307,
    0.5366235375404358
  ],
  "epoch_train_loss": [
    0.634326896240332,
    0.572036091708178,
    0.522027847208968
  ],
  "epoch_train_time": [
    240.75322127342224,
    240.89328980445862,
    239.4505307674408
  ],
  "epoch_eval_loss": [
    0.6175712645053864,
    0.5816721618175507,
    0.5389528274536133
  ],
  "epoch_eval_time": [
    0.2933027744293213,
    0.2945845127105713,
    0.29984307289123535
  ],
  "epoch_eval_acc": [
    62.9,
    68.3,
    73.2
  ],
  "epoch_eval_f1": [
    0.6726,
    0.6033,
    0.6658
  ],
  "parameters": 8866304
}