{
  "train_time": [
    41.23551607131958,
    82.22540068626404,
    123.14821648597717,
    164.39130210876465,
    205.3988790512085,
    246.44897556304932,
    287.66111731529236,
    328.83501720428467,
    370.1512360572815,
    411.1407878398895,
    452.40233039855957,
    493.48636174201965,
    534.7550141811371,
    575.792486667633,
    616.8307037353516,
    658.1002354621887,
    699.1173057556152,
    740.469646692276,
    781.4488513469696,
    822.5124893188477,
    863.4012687206268,
    904.6303975582123,
    945.5918478965759,
    986.5687808990479,
    1027.9944243431091,
    1069.0236263275146,
    1110.339317560196,
    1151.3753144741058,
    1192.4152991771698,
    1233.6185233592987
  ],
  "eval_time": [
    0.40330076217651367,
    0.8125264644622803,
    1.2190117835998535,
    1.630131483078003,
    2.053555727005005,
    2.4716084003448486,
    2.884176731109619,
    3.2971043586730957,
    3.7062761783599854,
    4.118444204330444,
    4.553237199783325,
    4.9568164348602295,
    5.388785362243652,
    5.821393966674805,
    6.266704559326172,
    6.673762559890747,
    7.099905490875244,
    7.510293245315552,
    7.93930459022522,
    8.352877378463745,
    8.764986991882324,
    9.18176555633545,
    9.58967900276184,
    10.0050368309021,
    10.41675090789795,
    10.826576948165894,
    11.235703468322754,
    11.646287679672241,
    12.050232172012329,
    12.45747709274292
  ],
  "train_losses": [
    0.7598567134141923,
    0.7668331253528595,
    0.7748732143640518,
    0.7591124725341797,
    0.7058225953578949,
    0.6966949391365052,
    0.676751651763916,
    0.6521004617214203,
    0.6103732824325562,
    0.6309509116411209,
    0.5987883314490319,
    0.6446494382619857,
    0.564878731071949,
    0.6648408854007721,
    0.565009830892086,
    0.6590737038850785,
    0.5322488623857499,
    0.5658315140008926,
    0.5123551484942436,
    0.514228699207306,
    0.5110970291495324,
    0.498034793138504,
    0.4855134579539299,
    0.511151636838913,
    0.4856936037540436,
    0.5595761185884476,
    0.481266348361969,
    0.4571218478679657,
    0.4464391183853149,
    0.4787927848100662
  ],
  "eval_accs": [
    59.8,
    48.2,
    63.8,
    52.9,
    48.2,
    65.2,
    67.2,
    67.2,
    65.4,
    73.5,
    72.4,
    65.5,
    72.8,
    71.7,
    67.5,
    68.2,
    75.1,
    79.0,
    68.7,
    77.1,
    80.1,
    75.0,
    81.3,
    77.1,
    74.7,
    75.5,
    80.1,
    79.6,
    82.1,
    79.0
  ],
  "eval_f1s": [
    0.4793,
    0.6505,
    0.7127,
    0.0561,
    0.6505,
    0.5126,
    0.592,
    0.7359,
    0.4956,
    0.7116,
    0.6667,
    0.4796,
    0.7631,
    0.7579,
    0.539,
    0.5546,
    0.7783,
    0.7957,
    0.5496,
    0.7792,
    0.782,
    0.6762,
    0.8204,
    0.7989,
    0.6727,
    0.6855,
    0.7938,
    0.8068,
    0.8031,
    0.7451
  ],
  "eval_losses": [
    0.6753050088882446,
    0.7285872995853424,
    0.6644751727581024,
    0.7472649812698364,
    0.9171790182590485,
    0.5959575176239014,
    0.6012752056121826,
    0.7207783758640289,
    0.7324150800704956,
    0.5218553841114044,
    0.5251183211803436,
    0.7052988708019257,
    0.5958836376667023,
    0.6252204477787018,
    0.6559814810752869,
    0.6020897626876831,
    0.5377330482006073,
    0.4869030714035034,
    0.6890977323055267,
    0.4811365157365799,
    0.4418584555387497,
    0.5923336446285248,
    0.49063780903816223,
    0.49092166125774384,
    0.5004915148019791,
    0.5012807995080948,
    0.4257280230522156,
    0.4617287814617157,
    0.4675239324569702,
    0.5300146341323853
  ],
  "epoch_train_loss": [
    0.695641918526707,
    0.582583211920815,
    0.48555876619746086
  ],
  "epoch_train_time": [
    453.8032672405243,
    454.3404538631439,
    453.714914560318
  ],
  "epoch_eval_loss": [
    0.7210171222686768,
    0.5701253712177277,
    0.4079594016075134
  ],
  "epoch_eval_time": [
    0.4064671993255615,
    0.41074061393737793,
    0.43150758743286133
  ],
  "epoch_eval_acc": [
    63.2,
    74.3,
    82.7
  ],
  "epoch_eval_f1": [
    0.7195,
    0.7802,
    0.8292
  ],
  "parameters": 9463296
}