{
  "train_time": [
    26.775193452835083,
    53.165343284606934,
    79.57915806770325,
    106.17966794967651,
    132.5445156097412,
    159.2949662208557,
    185.62718868255615,
    212.12478709220886,
    238.85266494750977,
    265.2180759906769,
    292.0203981399536,
    318.477511882782,
    345.1847336292267,
    371.7052254676819,
    398.0856330394745,
    424.8793923854828,
    451.29681968688965,
    477.7085072994232,
    504.3204460144043,
    530.8084025382996,
    557.095207452774,
    583.5466501712799,
    610.2907347679138,
    637.0851304531097,
    663.9973940849304,
    691.206413269043,
    717.6214022636414,
    744.6046011447906,
    771.333699464798,
    797.8367390632629
  ],
  "eval_time": [
    0.3101673126220703,
    0.6198246479034424,
    0.9409842491149902,
    1.2909069061279297,
    1.6021370887756348,
    1.9171526432037354,
    2.239968776702881,
    2.559735059738159,
    2.879267692565918,
    3.189563512802124,
    3.5085601806640625,
    3.846891164779663,
    4.165331125259399,
    4.4868175983428955,
    4.793671369552612,
    5.126935958862305,
    5.438650846481323,
    5.752108573913574,
    6.065571069717407,
    6.403414249420166,
    6.712614297866821,
    7.02759575843811,
    7.338693141937256,
    7.669982671737671,
    7.994998455047607,
    8.319612264633179,
    8.631580591201782,
    8.958545684814453,
    9.279778480529785,
    9.603590250015259
  ],
  "train_losses": [
    0.7459140986204147,
    0.7622264903783799,
    0.7514917498826981,
    0.7316585057973861,
    0.74060766518116,
    0.7165786319971085,
    0.6531841266155243,
    0.6370081001520157,
    0.654908893108368,
    0.5958962303400039,
    0.5308662122488021,
    0.5245198279619216,
    0.4996053463220596,
    0.4924477225542068,
    0.507888736128807,
    0.5539254266023635,
    0.5686413764953613,
    0.5042867717146874,
    0.6256576353311538,
    0.4932229271531105,
    0.4968072721362114,
    0.49348910570144655,
    0.47223502486944197,
    0.4642597079277039,
    0.48459452331066133,
    0.4341016140580177,
    0.465223593711853,
    0.45208214968442917,
    0.4341809237003326,
    0.4704901719093323
  ],
  "eval_accs": [
    51.8,
    48.2,
    52.1,
    49.0,
    67.0,
    57.9,
    54.6,
    66.0,
    72.7,
    63.2,
    74.7,
    77.1,
    72.6,
    74.0,
    73.7,
    79.8,
    69.8,
    71.5,
    70.8,
    75.9,
    78.0,
    74.6,
    78.9,
    76.4,
    78.0,
    77.5,
    81.4,
    78.3,
    78.8,
    82.2
  ],
  "eval_f1s": [
    0.0,
    0.6505,
    0.0124,
    0.654,
    0.6405,
    0.2442,
    0.6785,
    0.5225,
    0.6707,
    0.716,
    0.734,
    0.7753,
    0.6469,
    0.7774,
    0.6507,
    0.798,
    0.7553,
    0.6014,
    0.584,
    0.7783,
    0.7689,
    0.671,
    0.7719,
    0.7885,
    0.7847,
    0.7198,
    0.7896,
    0.8075,
    0.7376,
    0.8061
  ],
  "eval_losses": [
    0.7445083558559418,
    0.8711832463741302,
    0.812350869178772,
    0.6975563764572144,
    0.6195798218250275,
    0.7043474316596985,
    0.7430150806903839,
    0.6969953179359436,
    0.5327643156051636,
    0.6562562882900238,
    0.49829742312431335,
    0.49235209822654724,
    0.52756667137146,
    0.5729391872882843,
    0.5418151617050171,
    0.42747877538204193,
    0.6092932820320129,
    0.5426007807254791,
    0.5752657949924469,
    0.5089565813541412,
    0.45052215456962585,
    0.53415247797966,
    0.428443968296051,
    0.4960315376520157,
    0.43749044835567474,
    0.4766799509525299,
    0.40954403579235077,
    0.524182066321373,
    0.46572504937648773,
    0.3908482640981674
  ],
  "epoch_train_loss": [
    0.689416211309555,
    0.5337097113049663,
    0.4636037273969249
  ],
  "epoch_train_time": [
    293.25422286987305,
    293.86960792541504,
    295.477694272995
  ],
  "epoch_eval_loss": [
    0.5213695764541626,
    0.5938454568386078,
    0.5069574564695358
  ],
  "epoch_eval_time": [
    0.31218838691711426,
    0.3163926601409912,
    0.3129875659942627
  ],
  "epoch_eval_acc": [
    72.2,
    74.3,
    76.0
  ],
  "epoch_eval_f1": [
    0.6819,
    0.7759,
    0.7931
  ],
  "parameters": 8671744
}